layer1node1,layer1node2,layer2node1
0.06273382,0.02016789,-0.78669894
0.031075496,0.0,0.6179867
0.021335369,0.0,
0.0,-0.017195081,
-0.015628668,-0.08787307,
0.07563504,0.02053654,
0.08354831,0.025904423,
-0.0592883,-0.020898884,
-0.024709253,-0.03792618,
0.073598176,0.03274182,
0.045169815,0.054634683,
-0.027164284,-0.0126314685,
0.0,0.09614871,
0.102425896,-0.028241454,
0.039392997,-0.08282268,
0.0,-0.14752498,
0.111765504,-0.05953164,
0.047666065,-0.096019804,
0.019709093,0.04405446,
-0.046645742,-0.04720069,
-0.055396803,0.0,
0.0,0.025645029,
-0.077198416,0.047666926,
-0.054540526,0.01250669,
-0.061986253,0.02570498,
-0.045976683,-0.043844163,
-0.13856062,0.09989718,
0.0,0.0,
0.038180213,0.026932722,
-0.010965214,-0.013506743,
0.014738102,0.06718506,
0.061201613,0.052277416,
-0.01836031,0.07567024,
-0.10440698,-0.045461554,
0.0268799,-0.012626783,
0.084730834,-0.013065247,
0.015390915,0.052680135,
0.027466634,0.09932737,
0.0,0.041328747,
-0.011619407,0.024690734,
0.020337477,0.048879657,
0.0,-0.015161204,
0.0,0.031418867,
0.08741014,-0.04633988,
-0.15735224,0.07293844,
0.0,0.056325443,
-0.13785975,0.0,
0.0,0.0,
0.019750448,0.0,
-0.060402237,0.091258496,
0.03965569,-0.04472907,
0.040081024,0.0,
0.03695046,0.02705909,
-0.02056332,-0.05044569,
-0.017745525,-0.0115535045,
-0.08558193,-0.065287255,
0.0,0.06997949,
0.014076409,0.0,
-0.06594449,0.052551705,
0.012921026,0.0,
0.05001625,-0.041687485,
0.0,0.0,
0.11406743,0.047649875,
-0.07743028,0.0,
0.0,0.0,
0.0,0.11374741,
0.04545596,0.050503224,
-0.017218778,-0.04393537,
0.044157125,0.02777745,
0.16378579,0.059310734,
0.01393536,0.0,
0.018862998,-0.05372766,
0.029813949,-0.06959974,
0.024714837,-0.13744597,
-0.014371973,0.0,
0.0,-0.040763028,
-0.0716872,-0.07573564,
-0.09728343,-0.030161517,
-0.05076226,-0.06931381,
-0.09427978,0.06063223,
0.05569376,0.026224852,
0.042947527,-0.042419977,
0.010945167,0.027754344,
0.04696579,0.08847637,
0.018536685,-0.050982926,
0.0,-0.038055193,
0.098719865,-0.022014732,
0.011347297,0.02390809,
-0.014139504,0.05591201,
-0.042701278,-0.020123014,
-0.016049517,0.046714034,
0.014441629,0.025822598,
0.033723682,0.018097425,
-0.069179215,0.030190568,
0.09931724,-0.03432018,
0.05602442,-0.03638735,
0.05166387,-0.06924053,
-0.01899077,-0.07436069,
0.090757184,0.08593924,
-0.08075048,0.019442588,
-0.089155,0.015679866,
0.0,0.0,
0.017644385,-0.0864388,
0.05351469,0.07080672,
-0.037408933,0.038814604,
0.020568522,0.030876853,
-0.05088917,0.0,
0.035439566,0.015725425,
-0.041831933,0.12456145,
0.030814078,-0.013853566,
0.014673036,-0.086827256,
-0.011897571,-0.027708596,
0.03656702,0.01964566,
-0.05944554,0.07553121,
0.0,-0.059729453,
0.044379026,0.0,
0.059649963,0.034505337,
0.04549704,0.049534746,
0.01185193,0.040072948,
0.0,-0.037509874,
-0.0147231985,0.02096282,
0.017821088,0.0126744695,
0.035235614,0.13172834,
0.038170952,-0.057571698,
0.029726971,-0.024020154,
-0.018634263,0.042972207,
0.0,-0.10931515,
0.11483218,-0.055867568,
0.058330886,0.05088673,
0.035054434,-0.016112486,
-0.03484846,0.02212086,
0.022245277,0.09211892,
0.0,-0.016593069,
-0.030093148,0.026228292,
-0.03662019,-0.031076198,
-0.029248564,-0.023475258,
0.029047169,0.0,
0.0,-0.024839828,
0.0648146,-0.04130285,
0.05922595,0.0,
0.028852047,0.01489692,
0.0,-0.0375838,
-0.026753563,0.08964459,
0.0,0.04168897,
-0.032655966,-0.032504916,
0.04753364,0.0,
0.044202033,0.0,
0.036169395,0.07461867,
0.0,-0.076654926,
-0.06046327,-0.068559505,
0.07186424,0.073112875,
-0.055817507,0.0,
-0.03948582,0.08961364,
0.0,0.037240975,
-0.033397492,0.079750784,
0.03715528,0.025668312,
-0.06203726,-0.05713426,
-0.12489596,0.06257277,
0.028195538,0.0,
-0.016778717,-0.119943336,
0.029830495,0.0,
-0.040675174,0.06439036,
-0.045992658,0.0,
0.052594125,0.048726697,
0.0448167,0.07522202,
0.046468165,0.06660866,
0.030432018,-0.07389364,
0.02611743,0.038767327,
0.0,0.0,
0.012728017,0.02872824,
0.05196806,-0.057296015,
-0.02494946,0.09042455,
0.010224229,0.042259157,
-0.12437395,0.0,
-0.021209106,-0.020879911,
-0.025426345,0.0,
-0.027976723,0.011548418,
-0.04186924,0.03226135,
0.065792784,0.01762147,
0.0,0.0,
-0.05761093,-0.03519812,
0.0,-0.056124795,
0.027111782,0.0,
0.07257466,0.0,
0.03768948,0.0,
0.0,0.021645822,
-0.042785633,0.0,
-0.050244108,0.0,
0.03007633,0.090747535,
-0.02672181,-0.050270658,
-0.019604735,0.0,
-0.060617983,0.017549604,
-0.05493593,0.010562463,
0.04547308,-0.02523834,
0.0,0.046307404,
0.051403325,-0.018508332,
0.08809022,0.097097464,
-0.0763294,-0.05975448,
0.053839106,0.0,
0.03389768,0.026036823,
0.088373184,-0.018704487,
-0.024736304,0.026446713,
-0.043659505,0.029997453,
0.0,0.0,
0.044597235,-0.052600354,
0.075655155,0.04674162,
0.0,0.0,
0.051403433,0.020673333,
-0.04416458,0.055495955,
-0.05354949,0.12335274,
-0.02728497,-0.05743637,
0.028076833,0.08311428,
0.027829016,0.025848456,
0.0,-0.04112686,
0.0,-0.06639921,
-0.013568122,0.05394486,
0.07903778,0.052535545,
-0.019188846,0.019454392,
0.095070414,0.0,
-0.04735357,0.058050815,
-0.012196307,0.03574802,
-0.021291021,-0.028735358,
0.016540244,0.0,
0.0,0.024740618,
0.013026735,0.055640478,
-0.032909114,-0.025849527,
-0.03063879,0.0353167,
-0.016805345,-0.039416257,
0.06925631,0.01609833,
-0.012615981,0.06330104,
-0.030031966,-0.04869356,
0.017237244,0.0,
0.04949839,0.040828586,
0.02315672,0.038568534,
-0.064460404,0.0,
-0.056065712,0.0,
-0.09275792,-0.049004998,
-0.018984752,0.0,
-0.03490807,-0.083617255,
0.0,-0.09267617,
-0.029033508,0.018688595,
0.0,-0.011782853,
-0.029941322,0.023217725,
0.040227924,-0.056321427,
-0.034175865,0.014493865,
0.020353198,-0.02623155,
0.05775411,0.0,
-0.05695077,0.0,
0.046844665,0.07200075,
-0.031978294,-0.039130416,
-0.03469846,-0.051814724,
-0.020609887,-0.04532635,
0.05877392,-0.02540718,
0.04498799,0.0,
-0.033092417,0.0,
0.0,-0.07082766,
0.030171229,0.06644778,
-0.06393513,-0.021273972,
0.0993948,-0.029911166,
0.023390029,0.029548174,
-0.027990138,0.0,
0.06110106,0.012715713,
0.020178529,-0.011979304,
0.063693024,0.046365064,
0.06839111,-0.018225018,
-0.014096244,0.057833474,
0.11796769,0.030234583,
0.050232053,0.01507213,
0.0,-0.011293061,
0.050265227,0.07149599,
-0.03608225,-0.062133357,
0.0,0.0,
0.0,-0.062459774,
0.017668044,0.049075916,
0.0,0.0,
-0.07598304,0.067981526,
-0.06335178,-0.052066777,
0.013775109,0.015808497,
-0.065132245,-0.013843918,
0.06334066,-0.026437078,
0.059464213,-0.030203134,
0.0,0.03731663,
0.05299904,-0.042111713,
-0.07531688,0.0,
0.023135178,-0.010190838,
0.025097447,-0.012861607,
-0.016913304,0.015114758,
-0.026416974,-0.06007407,
-0.04933629,-0.029231597,
0.027522402,0.0139151495,
-0.0361448,0.0,
0.015230084,0.012989735,
0.0,-0.059980076,
-0.07924987,0.06171167,
0.054341163,-0.060499858,
-0.048025712,-0.060973868,
0.0,0.020093981,
0.0650943,0.027799737,
-0.016004466,0.056099422,
-0.038016126,-0.030733833,
0.04064863,-0.027972683,
-0.09713566,-0.02343534,
0.051129874,-0.05656392,
-0.103437416,0.0,
0.0,-0.12804124,
0.0,0.018268364,
0.019140774,0.057388842,
0.055677578,0.06100572,
-0.04116188,-0.012660407,
-0.015397514,0.0792247,
0.0469432,-0.07159156,
0.031955775,0.02845761,
0.03779759,0.0,
0.07649465,0.019332487,
0.0,0.0110403225,
0.0,-0.0161763,
-0.012982505,0.04958779,
0.0,-0.024482308,
-0.036379058,-0.010377274,
0.027438976,-0.040704135,
0.0,0.0,
0.052768316,0.0,
0.0,-0.11015876,
-0.0190398,-0.081289716,
-0.012040657,0.013494133,
-0.1350266,0.0,
-0.028471006,0.041860394,
0.0,-0.01931248,
-0.045279123,-0.056151904,
0.014328963,0.044627707,
0.0,-0.019404043,
-0.04198708,0.0195414,
0.03363075,0.05633141,
0.066997275,0.0,
0.0,0.0,
-0.03286176,0.042076927,
0.029199507,0.039213005,
-0.011684842,0.0,
0.059791185,-0.011124596,
0.0,-0.035409085,
0.02462892,0.0,
0.031108126,-0.014456434,
0.013525114,-0.062171392,
0.022083975,-0.020994369,
0.0,0.020189056,
-0.05420252,0.04427674,
-0.029880209,0.06607406,
-0.15279922,0.03983339,
0.052723996,0.0,
0.0,-0.053623974,
0.0,-0.072235025,
-0.052061066,-0.03690836,
-0.042686053,-0.058435053,
-0.060885716,0.0,
0.026983581,-0.05317451,
0.0,0.027199471,
-0.060648635,-0.06945244,
-0.019247435,0.0,
-0.06992979,0.015922014,
-0.076268025,-0.042050324,
-0.06896742,0.05770536,
-0.078600414,-0.034563158,
0.0,0.0,
0.0,0.07399724,
0.0,0.0,
-0.062315397,-0.043728743,
0.061853122,-0.042908825,
0.08576012,0.017710505,
0.016214173,0.0,
0.044148684,0.047764275,
0.03757352,0.013667416,
-0.016034553,-0.07028546,
0.015048294,-0.07353063,
0.0,0.014849641,
-0.016154064,-0.036882266,
0.020210972,-0.02968512,
-0.056011003,-0.043790024,
0.014875872,0.022914208,
0.0,-0.038605157,
-0.027400231,-0.06172219,
0.0134091545,0.02901139,
0.027157605,0.03044719,
-0.103943646,0.0,
0.03535488,-0.037000958,
-0.018654224,0.0,
-0.0482657,0.025051497,
-0.024757942,-0.039818667,
0.047064304,-0.017037133,
0.07312026,-0.077833205,
0.0,0.06503059,
-0.014784244,0.010285522,
0.026608672,-0.041821178,
0.0,0.051487952,
-0.049281772,0.015615307,
0.09251948,0.012782314,
0.026632914,-0.08171692,
0.06370366,0.04205949,
0.0,0.013278043,
0.06723454,-0.0436274,
-0.035914175,-0.03497328,
0.07385662,0.04154449,
0.0,0.018248525,
-0.04506039,0.058707383,
0.022336837,0.027279416,
-0.03132946,-0.060047157,
-0.07962082,-0.013361424,
0.0,-0.023199854,
0.01306509,-0.03309128,
-0.038138177,-0.024827033,
0.075022355,0.0,
-0.033031862,-0.07446306,
-0.04279247,-0.055174336,
0.0,-0.036137126,
0.0,0.025325831,
-0.016287724,-0.07327861,
0.04180646,0.032702852,
0.036610454,-0.077032134,
0.055243198,0.0,
-0.024279196,-0.033034883,
0.029471342,0.034142006,
0.12804958,-0.03764193,
0.07645187,-0.061828025,
0.09444904,0.0,
-0.049616363,-0.041447528,
0.05109353,0.02874496,
0.097823195,0.0,
0.018099695,-0.034354053,
0.0,-0.0923176,
0.0,-0.026526244,
0.027844986,0.110233516,
0.028336901,-0.03481761,
0.025403904,-0.024501124,
0.0,-0.05812725,
0.04445307,0.018836185,
0.0,0.081431165,
-0.1754181,0.037908696,
0.018035918,-0.06231576,
0.021932302,-0.022033952,
0.010982283,-0.026288854,
-0.06546223,0.0,
-0.052742586,0.0713968,
0.022330645,0.0,
0.04015284,0.0245976,
0.0,0.0,
0.017375704,0.021111825,
-0.03048682,-0.04146695,
0.07770385,0.0,
0.024133923,0.0,
0.052434914,-0.06765374,
0.051517874,0.09441669,
-0.05316425,0.056571536,
0.135218,-0.05018325,
0.04323807,0.0,
-0.019292967,-0.054604188,
0.11450718,0.0,
0.064722866,-0.045469638,
0.020786904,0.0,
-0.06964469,0.0,
0.015517955,0.0446564,
0.047448866,-0.10088708,
-0.057214104,-0.0699537,
-0.03709485,0.0,
-0.11946618,0.04122099,
-0.08370068,0.0,
-0.024677936,0.02213267,
0.0,-0.022589173,
-0.061200395,0.025130538,
0.0,0.0,
-0.03526108,-0.05938588,
-0.04486253,-0.053761985,
0.031841945,0.054815248,
-0.046054453,-0.045962237,
-0.032603856,-0.060848195,
-0.045889985,-0.02934244,
0.010865712,0.012916331,
0.032598913,0.011843023,
0.032601755,-0.093289934,
0.037958182,-0.06264071,
0.01909024,0.029442763,
0.0,-0.058573164,
0.0,0.0,
0.0,0.050919116,
-0.06787404,0.0,
0.031989608,0.0983074,
0.05295245,0.058415715,
-0.084686585,-0.059025638,
0.04557826,-0.021177122,
0.052162018,-0.01948025,
-0.052248027,0.0,
0.06762907,0.10181957,
0.03791937,0.047776412,
0.038908444,-0.021804325,
0.04347896,-0.040977973,
-0.07602204,-0.015110974,
-0.043915935,0.0,
0.04030693,0.110839345,
0.013690959,-0.026040377,
-0.049360003,0.0,
0.052122414,-0.021371612,
0.026577007,0.02356926,
0.04295505,-0.027715161,
0.111382924,0.10303585,
0.028616603,-0.04053826,
-0.046814334,-0.020561434,
0.109456286,0.0,
0.03404841,0.0,
0.08920128,0.06601318,
-0.06842185,0.011629997,
0.0,0.018299751,
0.0,0.04410924,
0.032263365,-0.011759662,
0.114531666,0.0,
0.07302733,0.0,
0.026576003,-0.06505183,
-0.023120742,-0.038190752,
0.0,0.0,
-0.016597444,-0.02497373,
0.0,0.0,
0.037907843,0.023179712,
-0.054214563,-0.012436443,
0.032526873,-0.098834366,
-0.03774687,-0.062288426,
0.022412224,-0.02206499,
-0.025492646,-0.10709905,
-0.03366026,0.055577103,
0.012572599,0.0,
0.046395756,0.0,
-0.010711192,-0.017836649,
-0.03567822,0.06631699,
0.026641665,0.072060615,
-0.034432374,0.06331377,
0.13806342,0.0,
0.030376857,0.07165444,
0.09123135,-0.049359642,
-0.017822117,0.0,
0.040005166,-0.04657066,
0.09754741,0.06275104,
0.018189369,-0.014190329,
0.0,-0.046385195,
0.03290631,0.04545246,
0.061500847,0.083500355,
0.018061036,0.09220006,
0.0,-0.035842802,
-0.1254633,-0.029372387,
0.06711619,0.019082116,
0.012302511,0.053353157,
-0.037282046,0.0907501,
0.0,0.06441811,
0.025950894,0.035732478,
-0.022470953,0.09755207,
0.028691497,0.06425475,
-0.01722622,0.024704073,
-0.023246096,-0.019190446,
0.039147913,-0.045222633,
-0.021065777,0.075252004,
0.062270142,-0.010782534,
0.0,-0.06577653,
0.0,-0.065838,
0.08095179,-0.02388302,
0.0516211,-0.053584196,
0.04047166,0.0,
0.017320931,0.03893593,
0.0,-0.029670002,
0.079069115,0.0,
0.0,-0.06947648,
-0.04624023,0.06292643,
0.087266915,0.0,
-0.075170085,-0.023277858,
-0.027543858,0.0,
0.050954964,0.0,
0.045637947,-0.070436954,
-0.027962945,-0.07137504,
0.07838497,-0.08626795,
0.07167708,-0.07811887,
0.0,-0.019621043,
0.0274976,0.05300004,
-0.044589482,-0.044304777,
0.03758851,0.014118187,
0.0,-0.034297638,
-0.08039274,0.0,
-0.057492256,0.01827413,
-0.037622966,0.034694336,
-0.081141345,0.08412126,
0.041853745,-0.022668898,
-0.02569708,0.09021523,
0.0,0.0,
0.0,0.057443086,
0.02613575,0.026267355,
0.0,0.04828218,
0.09877665,-0.031473495,
0.0,-0.018535368,
0.0,-0.02646175,
0.0,0.0,
0.058517244,0.0,
0.018864067,0.0,
0.023211094,0.086278096,
0.026037034,0.0,
0.02034623,0.06902821,
-0.05207888,0.03248253,
-0.049307443,0.0389881,
0.0,-0.026913213,
0.0,0.059884265,
0.037533402,-0.041583367,
-0.06366266,-0.050833806,
0.0151403,0.0,
0.06004537,0.0,
-0.033719156,-0.036835056,
-0.011553647,0.049447402,
-0.052113064,0.029209299,
0.0,-0.026915032,
0.11490142,-0.032920226,
-0.056051705,-0.013372189,
0.0,0.0,
0.088275105,-0.07563497,
0.0,0.0,
-0.058557454,-0.02900087,
0.0,0.011873944,
0.0,-0.030275617,
-0.038742334,0.04539803,
0.018690208,-0.023307977,
-0.07087478,0.054481737,
-0.03263096,0.021072285,
0.062165737,-0.07538215,
-0.025508601,-0.045601416,
-0.047043566,0.0,
0.024506193,0.012491572,
0.016301068,0.0,
0.039536025,0.07599158,
-0.036058497,-0.030797042,
0.0,-0.060087275,
0.017983057,0.0,
0.016918931,-0.040829804,
0.0254119,0.08186047,
-0.0157304,-0.054647487,
-0.049716976,0.099152096,
0.017275462,-0.13454254,
-0.03352265,-0.031032715,
0.02700457,-0.019134492,
-0.07263983,-0.07863267,
0.01063747,0.07587222,
-0.08919627,0.019749265,
0.055817034,0.06391593,
0.0,-0.04726226,
0.0,-0.052325796,
0.061522055,-0.09031089,
-0.015879415,0.0,
0.031948935,0.025176445,
0.045713264,0.060339727,
-0.038235698,0.0,
0.042209737,-0.026510691,
0.03591306,-0.021264467,
-0.050071534,0.028365137,
0.093696274,-0.061403703,
0.027346028,0.04179088,
-0.018348979,0.05555935,
0.08084686,-0.03409747,
-0.035969,-0.08916357,
-0.024777588,-0.029983891,
0.050406005,-0.030047063,
0.04844476,-0.030909766,
-0.014137387,0.0,
0.051797148,0.0,
0.049111098,0.0,
0.014389547,0.0,
0.03304114,0.027039558,
0.0,0.08801746,
0.0,0.010565926,
0.014272075,0.0,
0.039847925,0.020242447,
-0.06836015,0.010240262,
0.116849706,0.029561277,
0.0,-0.06802403,
0.06638671,-0.0633168,
-0.04853976,0.016971052,
0.0751463,-0.028057504,
0.075169265,0.02030204,
-0.05189629,-0.020560307,
-0.067005076,0.0,
-0.05103489,0.040353302,
0.0,-0.02679824,
0.03536817,-0.028682671,
0.0,0.0,
-0.024746535,0.0,
0.031084828,-0.07133697,
0.0,0.02995415,
-0.072289795,-0.048605483,
0.010288343,0.0,
-0.029958481,0.03265508,
-0.071131565,-0.039787684,
-0.017091488,0.0,
-0.016096126,-0.040449508,
-0.022575432,0.019346533,
0.011054299,0.0,
-0.040020972,0.0,
-0.09930735,0.022392858,
0.030161852,0.04951524,
0.0,0.029730743,
-0.051805068,0.039682534,
0.018286431,0.0,
-0.012028582,-0.012082029,
0.028555851,-0.028667845,
-0.0693127,0.02431036,
0.05017179,-0.07910305,
0.0,0.01439634,
0.0,-0.041210134,
0.052852035,0.06844043,
0.0,-0.01990361,
-0.046430107,0.028012209,
0.011455019,-0.026307194,
0.027880607,-0.01570305,
-0.03602711,-0.047045752,
0.0,0.0,
-0.101774886,0.06576052,
0.0,0.022298137,
-0.021421596,-0.02799289,
-0.0633729,0.0,
-0.056376744,0.01829589,
0.072015256,0.0,
0.07625183,-0.04152383,
0.04030598,-0.011675046,
0.0,0.04972415,
0.03716238,0.0,
0.015921747,0.013945411,
0.055185236,-0.08532268,
-0.02596781,-0.017087422,
0.047956586,0.07662984,
0.0,-0.06461813,
0.0,-0.045822423,
-0.038311895,-0.08795571,
0.03985732,0.0,
-0.06739887,0.04734419,
-0.010553687,0.04359418,
0.014423122,0.020329934,
0.0,0.0,
-0.081710294,0.0,
-0.037236758,-0.045317896,
0.0742402,0.1564404,
-0.058521923,0.0,
0.022618411,0.08977258,
0.0,0.029933572,
0.02061512,-0.02802198,
-0.014351349,-0.015354837,
0.0,0.07873865,
0.04527584,-0.04113804,
-0.027919864,0.0,
0.035089992,0.015626991,
0.0,-0.06171755,
-0.077087626,0.0288423,
-0.076262094,-0.06685667,
-0.073122896,0.0,
-0.07765124,0.011523896,
-0.022068525,0.016178383,
0.0,-0.01749117,
-0.08565345,-0.031186502,
0.0,0.1033502,
0.044160757,-0.021476135,
0.046444904,0.0,
0.010244199,0.031654518,
0.0,-0.029090086,
-0.035825867,0.04872846,
0.0163616,0.0,
-0.06538587,-0.041060016,
0.011530321,0.07541433,
0.012908446,0.026055256,
-0.015755678,0.0,
0.030395592,-0.07978478,
0.037914645,-0.027528394,
0.013322904,0.0,
0.06433078,0.052491188,
-0.022549309,0.02189642,
0.0,0.02063343,
-0.091666564,0.0,
-0.026836617,-0.09189741,
0.09672824,0.03063355,
-0.049438547,-0.081542075,
-0.0107656345,-0.02139168,
0.028186146,-0.036003586,
-0.08419335,0.10920558,
0.03237488,-0.023798393,
0.0,-0.05620143,
-0.03670085,-0.106129855,
-0.029466858,0.0,
-0.03832762,-0.037612896,
0.021686513,0.045145467,
-0.058115125,-0.07461504,
-0.010592501,0.0,
0.02198883,-0.035730038,
-0.061676495,-0.029765416,
0.0687535,0.0147168515,
0.013827465,-0.04284459,
-0.052148562,-0.023207663,
-0.011212777,0.0,
-0.017921923,0.017502457,
-0.06404617,0.018195795,
-0.02815022,0.03235648,
0.03565571,0.0,
-0.019324077,0.070541255,
0.0,0.013994218,
-0.03384435,0.074793674,
-0.017260509,0.020700088,
0.06212645,0.0,
0.0,0.010428168,
0.07501098,-0.022448163,
-0.014315758,0.07719103,
-0.025621694,0.0256011,
-0.06981604,-0.017566405,
0.04290075,-0.038625374,
0.06279253,-0.044070747,
-0.030754779,-0.014009276,
0.04052754,-0.024829777,
-0.014235683,0.04394795,
-0.04355857,0.021583412,
-0.041504774,0.06516636,
0.10670393,-0.050739124,
-0.012599548,0.026906682,
0.039184794,0.0,
-0.062946536,-0.047031354,
0.021865815,-0.025858749,
-0.022984205,0.0,
-0.03479941,0.022420976,
-0.1229417,-0.025464796,
-0.07366545,-0.030448142,
-0.03176202,0.0,
0.015924457,0.09885646,
-0.072693124,0.033046283,
0.0,0.023127222,
-0.0743453,0.056713544,
-0.04249065,-0.010419377,
0.030748857,-0.036555134,
0.0,-0.03354527,
0.022161342,-0.01241673,
-0.035796653,0.03980696,
0.03636332,-0.03640272,
0.022601452,-0.04919055,
-0.013226414,0.08926713,
-0.04510734,-0.018806728,
-0.09415278,-0.040771466,
0.043420088,-0.04020992,
-0.01795217,-0.09670222,
0.011269285,-0.024925487,
0.033108994,-0.04671803,
0.0106397495,0.038619813,
0.036836095,0.02467019,
0.12836125,0.057526413,
-0.050995298,-0.031156993,
-0.04136442,0.040801156,
-0.021492144,0.064912714,
-0.04454887,0.049828336,
-0.11887227,0.0269139,
0.043501206,0.0,
0.014179044,-0.019500995,
0.0,0.035422403,
-0.038517416,-0.09778802,
0.07164662,-0.06063317,
0.039473027,0.0,
-0.06996509,0.0,
-0.01974944,-0.016869236,
0.0,-0.01675177,
-0.017049693,-0.02115379,
-0.10832842,0.0,
0.011532811,-0.12659757,
-0.099947445,-0.023861168,
0.046194475,0.015269635,
0.011899537,-0.074509755,
-0.04454274,-0.07541513,
0.0,0.014058179,
-0.07016512,0.010980956,
0.042618744,0.0,
-0.025999425,0.050321497,
0.105727375,0.081481814,
0.045010354,0.0,
-0.031108366,-0.0117501,
0.0150125045,0.0,
-0.028220179,0.052458864,
0.023271985,-0.070872106,
0.046362896,-0.035310358,
-0.012523077,-0.053514767,
0.029593693,0.05686778,
0.056609225,0.015134087,
0.04326908,-0.016103154,
0.0,0.0745438,
-0.11143071,-0.09053654,
-0.06672907,-0.015308484,
0.0,-0.06739739,
0.0,-0.07612355,
-0.04726216,0.0470796,
0.052595444,-0.09738154,
0.06456971,-0.017362744,
0.059471194,0.041211393,
-0.014437428,-0.03529099,
-0.038989164,-0.051245604,
0.08485696,0.017305074,
0.0,0.013130033,
0.06364091,0.018014858,
-0.061931375,-0.047345206,
-0.01300934,0.020299342,
-0.07607928,0.050872996,
0.018333538,-0.04152039,
0.057754062,0.017669735,
-0.041972242,-0.097325124,
-0.057853248,0.032453813,
-0.055180945,-0.04832797,
0.0,0.046524968,
-0.054097906,-0.035998676,
0.013303182,0.08920102,
0.0,0.012941823,
0.0,0.050658938,
0.015223614,-0.119231045,
0.017369665,0.0,
0.022841841,0.0,
0.0,0.0,
0.0,0.026758859,
-0.010673595,0.045941733,
0.0,-0.119130656,
0.122739725,-0.066629656,
-0.0838792,-0.056447443,
-0.019918174,-0.06808793,
0.04692929,-0.03915218,
-0.058086555,-0.06944416,
-0.06833226,-0.08459159,
0.0,-0.023964435,
0.10466961,0.014023974,
0.03966091,0.0375648,
0.10978043,0.0,
-0.033397455,-0.01539962,
0.105499186,0.13127886,
-0.049288694,-0.036913726,
-0.060607553,-0.03202269,
-0.023777772,0.07708471,
0.04080045,0.020526294,
0.0,-0.03407746,
0.03520962,-0.04834571,
-0.012236923,0.0,
0.0,0.0,
-0.035000782,-0.058408957,
-0.05076967,0.05024752,
0.0,0.08158185,
-0.04775817,0.0,
0.0,0.02212573,
-0.05563489,0.0,
-0.010378321,0.0,
0.012068617,0.028241677,
0.0,-0.025958804,
0.1319567,0.07398076,
-0.02452104,-0.03418037,
-0.086899854,0.0,
0.015631936,-0.0826621,
0.0,0.03452423,
0.0,-0.04048534,
0.047214966,-0.066936225,
-0.03541293,0.0,
-0.031605277,-0.026618045,
-0.047805186,0.03953164,
0.0361309,-0.08754554,
-0.026891004,0.07777115,
0.04767245,0.0,
-0.046022058,0.052645274,
0.0,-0.08702307,
0.0,0.079093605,
-0.09487436,0.036281206,
-0.11816362,-0.010460635,
0.031282045,0.0,
-0.01205891,-0.019165501,
0.03656949,0.050334815,
0.08029036,-0.014204218,
-0.06703107,-0.04064615,
0.0,0.026486507,
0.026859822,0.033859473,
0.08779894,-0.029363042,
-0.033762746,-0.020842353,
-0.07127254,-0.037388265,
0.08867126,0.018187497,
0.0,-0.014633618,
-0.017239748,0.05006019,
0.019156048,0.016999032,
0.025759825,0.03222912,
0.01437763,0.075051315,
0.10017932,-0.054077234,
0.019263795,0.038605943,
0.10890881,0.06560856,
0.042880587,-0.019240147,
-0.011887109,-0.022422025,
0.0,-0.08341877,
-0.05616496,0.06974511,
0.044968225,-0.07248063,
-0.11745074,0.0,
0.0580498,0.027529633,
0.016257651,-0.050688237,
0.043011013,-0.07958634,
-0.03533675,0.06607333,
0.06171013,-0.057324592,
0.025442809,0.0,
0.04568685,-0.066854134,
-0.07130383,-0.03680365,
-0.059078217,0.04834495,
0.0,0.026815834,
0.0,-0.0386234,
0.0,0.0,
-0.017171083,0.01407091,
0.028649952,0.033164006,
0.0,0.029807629,
0.0,-0.12110779,
-0.09395306,0.020260649,
-0.03109463,-0.08677471,
-0.06812294,-0.032306757,
-0.019460041,0.0,
0.039885473,0.0,
0.052879523,0.083962984,
-0.031340357,-0.049344297,
0.039094876,0.05062759,
-0.08331853,0.0,
-0.05373908,0.0,
-0.10440056,0.0,
-0.04354698,-0.051481668,
-0.013260804,0.010832676,
0.050150163,-0.05569391,
-0.060710303,-0.023795033,
0.022992132,0.06049696,
0.059395343,-0.04133984,
0.051190387,0.019801827,
-0.055559613,0.08172554,
0.053604167,-0.016042152,
0.023708697,-0.03226771,
0.11546286,-0.039336093,
0.022648405,-0.06710843,
0.0,0.021726152,
0.020843964,-0.07370439,
0.0,-0.028112527,
0.06749895,-0.011450984,
-0.056632493,-0.0601346,
0.060054112,-0.039437067,
0.022279648,-0.03302211,
0.04495141,-0.074999854,
0.07967213,-0.10390925,
-0.0603247,-0.013284863,
0.0,-0.019258909,
0.055459663,-0.06432044,
-0.0130173415,-0.11186416,
0.03021767,0.0,
-0.015461276,0.0,
0.0,-0.045157064,
-0.063204505,0.012059992,
-0.014092697,-0.0916083,
-0.029768396,-0.030774072,
0.0,0.012432249,
-0.051588245,-0.026938913,
0.0,0.03527304,
0.043358695,-0.019945035,
-0.016811969,0.0,
0.020882826,0.024253795,
0.01242423,0.028794305,
-0.03438501,0.018154364,
-0.03210656,-0.01594378,
0.08258902,0.0,
0.0,0.024807096,
0.015010742,-0.03833424,
-0.05217698,0.061268322,
-0.10126248,0.04621566,
0.04687101,0.03892048,
-0.022941915,0.037706584,
-0.036457844,-0.031887725,
-0.03702987,-0.046700817,
0.0,0.0,
0.16185002,0.0,
0.0,0.045810815,
0.06275946,-0.111146025,
0.011816661,-0.085712224,
0.0,0.015109988,
-0.016039865,0.014787682,
-0.032909214,0.10942382,
-0.034343507,0.03632587,
0.0,0.011346603,
-0.08964583,-0.08990401,
0.01598313,-0.015666764,
0.0,0.0,
0.0,0.0,
0.0,-0.02798207,
0.0,0.08863574,
0.0,0.040883824,
0.037386797,0.03223871,
0.06830795,0.0784751,
-0.099516936,0.10619507,
0.016589345,0.10059562,
0.09871819,-0.054396447,
-0.013392,-0.016579494,
0.038158126,-0.047979273,
0.08542334,-0.033634108,
0.023800565,0.0,
-0.011386368,0.015560506,
0.013697762,-0.059666578,
-0.03269932,0.049833667,
0.03640141,-0.09817921,
0.04878326,0.044911,
0.030149724,0.07938281,
0.0,-0.087917544,
0.0,0.0,
0.07937927,-0.09999098,
0.0,-0.08565197,
0.016406005,-0.04800679,
0.044778436,-0.047243666,
-0.055336267,0.021588517,
-0.027011696,-0.10066714,
-0.01411552,-0.13910335,
0.04476987,0.011563374,
-0.06098621,-0.022492787,
-0.03742096,0.0,
0.012946106,0.010729086,
-0.04563008,-0.021550778,
-0.043903474,-0.055648997,
0.08077063,0.0,
-0.023482123,-0.03226902,
0.0,0.07500045,
0.042138133,0.064738125,
-0.110357635,0.02854983,
-0.05169128,-0.06774698,
-0.084803544,0.029096883,
0.09810882,-0.012515119,
-0.05533281,0.04559616,
-0.042911995,-0.034990873,
0.019969316,0.055014428,
0.039511863,0.031585008,
0.04373409,-0.05263232,
-0.051532924,-0.0439614,
-0.06810018,0.07698198,
-0.059230432,0.017973557,
0.012040109,0.03532817,
-0.061767522,-0.05163289,
0.034758482,-0.04847037,
-0.021498652,0.010155691,
-0.07882013,0.059860367,
0.050554387,0.026479097,
0.07260869,-0.025447067,
-0.07245367,0.0,
0.022016944,0.10907377,
0.041079532,0.03883481,
0.07272951,0.10976393,
0.0470103,-0.023019807,
0.0,0.0,
0.036489654,0.0,
0.0,-0.028970005,
0.0,-0.07526659,
0.021933993,0.0,
-0.09047125,-0.09885049,
0.042465117,-0.051988237,
-0.04101078,0.07420471,
-0.10966153,-0.07232977,
0.0,-0.09943764,
-0.031193456,-0.014200361,
-0.014969467,-0.043495987,
0.059345268,-0.02751512,
-0.016319456,0.053255957,
-0.026748281,-0.039970275,
-0.02026348,-0.026890801,
-0.07405773,-0.012544005,
0.08825019,0.04059207,
-0.029098177,0.033852156,
-0.05062847,-0.03139688,
0.0,0.017025251,
-0.032266673,-0.02083435,
-0.09110278,0.012184658,
-0.054382406,0.012553795,
0.026124908,0.0,
0.0,0.08795678,
0.01316434,-0.056918792,
0.016975075,0.06048814,
0.046931785,-0.048770692,
-0.012637393,0.0,
0.042421304,0.04996597,
-0.031006219,0.0,
0.0729173,0.089453116,
-0.030822305,0.089406304,
-0.03436022,0.0,
0.0,0.07392758,
0.14107065,-0.044427365,
0.05752013,-0.04565612,
0.014918552,0.09429654,
-0.017246537,0.0,
0.048627038,0.026494732,
-0.12126689,-0.024295032,
-0.05781165,0.039609175,
-0.08130174,-0.03742877,
0.016813012,-0.02940979,
0.014078579,0.08851976,
-0.05317996,0.03291611,
-0.08647059,-0.017214771,
0.0,0.039555673,
-0.017766008,0.0,
-0.091722555,-0.097803615,
0.06292476,-0.013122645,
-0.10358709,0.013165266,
0.032801937,0.023812793,
0.029198753,-0.012888587,
0.028336754,0.0,
0.016837196,0.05465594,
0.067040704,0.0,
0.05646695,0.055515822,
0.089689046,-0.044534314,
0.020682067,0.037126593,
-0.09734785,0.0,
0.03570783,0.021214947,
0.017709073,-0.022933796,
0.040813744,-0.066548415,
-0.051419184,0.011363973,
0.030370558,0.03948581,
0.0,0.05589689,
0.0,-0.046337996,
0.0,-0.032774374,
-0.06588565,-0.03648869,
-0.083536655,0.0,
-0.04864594,0.0,
0.015819533,-0.120021254,
0.020276597,-0.10426156,
-0.050684765,-0.14670548,
-0.023842331,0.06314223,
-0.038943727,0.037173543,
-0.09521815,-0.08600553,
-0.010635252,0.039086737,
0.037381947,-0.049889676,
-0.0859926,-0.044652443,
-0.020104032,0.031239437,
0.037100095,-0.023463288,
-0.038426116,0.04225878,
-0.032625288,0.061321914,
-0.014312321,-0.016076842,
0.0,-0.09157195,
0.0,0.014060469,
0.036093708,-0.04336778,
0.058627345,-0.077541724,
0.12903604,0.039316162,
0.07652939,-0.03545364,
0.013184634,0.025557801,
0.10722454,-0.06359439,
0.042176276,-0.022727787,
0.010895999,0.018568622,
-0.038145058,0.013127148,
-0.026114555,-0.03659409,
0.0,0.0,
0.016534125,0.024197588,
-0.019644313,-0.027868558,
-0.059513632,-0.029324045,
-0.04442374,-0.027520442,
-0.045862246,0.0,
0.0,0.0,
0.0,-0.055808194,
-0.046298712,0.0,
0.0620311,-0.068244755,
-0.036439467,0.034487765,
0.0,0.0,
-0.017006617,-0.026059484,
0.0,0.025947431,
0.092597306,-0.016993506,
-0.03415124,0.0284365,
-0.049674198,-0.049361415,
-0.022875115,0.0,
0.01796536,-0.062421743,
-0.026159232,0.0,
-0.026316484,0.0,
0.04641871,-0.01517002,
-0.03463523,-0.06028431,
0.0,0.0,
0.042557694,-0.054670464,
0.14804707,0.013699222,
-0.024159154,0.0,
-0.047256727,-0.03921182,
-0.024948196,-0.10298733,
0.040105596,0.011887347,
0.08849215,-0.06061775,
0.0883447,0.018919263,
-0.060905725,-0.0327781,
-0.045009337,0.0,
-0.035682373,-0.053890605,
-0.038725372,0.0677458,
-0.04102011,-0.018454831,
-0.05331165,0.041515328,
0.025618056,-0.011006653,
-0.026585812,0.032792885,
0.025915002,0.0,
0.0,0.04595602,
-0.08948195,0.058136974,
-0.078590624,-0.017619543,
-0.08201977,-0.03600325,
-0.046882704,-0.041592754,
-0.022907026,0.02113393,
0.021112591,0.0,
0.0,0.044467617,
0.056243416,-0.047232762,
0.08586562,-0.020668302,
-0.043254785,0.0,
-0.04145621,0.010752055,
0.03667375,-0.06837532,
-0.0153495595,-0.06768571,
-0.01478048,-0.03747975,
0.0,0.04992544,
-0.038333837,0.0784898,
-0.021761114,-0.011568432,
0.019863514,0.0,
0.05888267,-0.053050872,
-0.03531514,-0.020289956,
-0.035774313,0.043826498,
-0.016013492,-0.12820777,
-0.020744858,0.013149919,
-0.035181876,0.025923373,
0.026209611,-0.02932394,
-0.011996588,-0.08498907,
0.0,-0.039363086,
0.046985738,0.0,
-0.059895758,-0.053171128,
-0.04208938,-0.06895708,
0.016304651,0.0,
0.07784149,0.0,
0.0,-0.03473353,
0.0,-0.06709326,
-0.03110578,-0.08375133,
0.060883567,0.019516954,
-0.020536749,0.059784397,
0.0,0.010661683,
-0.010352241,-0.022741916,
-0.10905466,0.016186187,
0.030690933,0.031599317,
0.06526118,0.022193877,
0.06576983,-0.023062136,
0.080258146,-0.024512496,
-0.011409127,-0.021019012,
-0.019391429,0.022065563,
-0.033483323,0.0,
0.08838913,0.0,
0.06836204,-0.08594429,
-0.04385951,0.045823254,
0.029115802,-0.06305969,
0.0,-0.032486644,
0.036919143,0.019692414,
0.051167004,0.01582193,
0.021060528,0.029752906,
-0.040724892,-0.0369254,
0.02516075,0.047097746,
-0.066604935,0.0,
-0.064611144,0.035583943,
-0.014364869,-0.027001997,
0.038841266,-0.022096852,
-0.011325553,0.0,
0.0620153,-0.07035805,
0.011980048,-0.034527436,
-0.06680713,-0.019515323,
0.06816531,0.0,
0.07268581,-0.059441473,
0.13606118,-0.02099759,
0.0,-0.04385413,
0.0,0.0,
-0.022776544,0.048994243,
-0.06796371,0.0,
-0.021033186,0.0,
0.042412452,0.027878193,
-0.05801296,-0.03630267,
-0.06538147,-0.0111698145,
-0.068720795,0.08098221,
0.0,0.07193213,
-0.019126706,0.0,
0.01212402,-0.030239,
0.031144433,-0.031112991,
-0.03950056,0.021465875,
-0.061753254,-0.016642565,
-0.05744655,0.04843976,
-0.04999456,-0.08046804,
0.013384182,-0.019316569,
0.0,0.08238654,
0.035067063,-0.088658184,
0.012587963,-0.016972225,
0.0,-0.0855127,
0.057025895,0.0,
0.06799306,-0.041030597,
-0.066434026,0.02762451,
0.026741037,-0.017374275,
-0.059525635,0.088440344,
0.050737474,-0.06626121,
0.017074792,0.0,
0.027203204,-0.050585777,
0.072075844,0.0,
0.0,-0.044464957,
0.10933685,-0.0649057,
0.017553592,-0.028744087,
0.0,-0.029346162,
-0.06812647,-0.04566795,
0.090913884,-0.012558647,
0.0,-0.02475871,
-0.030646056,-0.026817663,
-0.12159878,-0.014391771,
0.014649426,0.0,
-0.09295537,-0.06414647,
0.054554723,-0.086739875,
-0.049541675,0.015110413,
-0.06010338,0.04526898,
-0.090405524,0.011780945,
0.0,0.039614554,
-0.0122827375,0.025010087,
0.021141918,0.043680668,
-0.045092616,0.043672863,
-0.032416318,0.0,
0.0,0.0,
0.0,0.03411193,
0.022572052,-0.06498803,
-0.027445331,0.015933715,
0.07080283,0.018782452,
-0.010965492,0.0128307855,
-0.121524885,0.055739116,
-0.01969611,0.032651465,
0.02690855,0.12778819,
-0.032297254,0.024347711,
-0.096039936,-0.012829636,
0.0,-0.07435608,
-0.04660009,-0.045925368,
0.0,0.04149516,
0.016274411,0.03110304,
0.0,-0.030157942,
-0.1474641,0.0,
0.0,-0.016848357,
-0.033275127,0.061820142,
-0.055905588,0.04556899,
-0.016252019,-0.06063146,
-0.01447127,0.0,
-0.016678473,0.064322315,
0.015609885,0.054544203,
0.036037486,-0.02992066,
-0.010668301,-0.06759599,
-0.02081755,0.024142873,
-0.018426599,-0.018781772,
0.0,-0.013392465,
-0.0281268,-0.049086552,
-0.042053584,0.0,
-0.05585603,-0.019102845,
0.0,0.09971385,
0.0,0.031284314,
0.020829355,-0.03455516,
0.0,0.037403166,
0.05250803,-0.059109118,
0.04045894,-0.019217452,
0.026694534,0.0,
-0.016030848,-0.018719248,
0.0,-0.06786528,
0.0,0.05807631,
0.032175317,-0.014034843,
0.11009884,0.0,
0.0,-0.029997814,
-0.018623957,-0.11662294,
0.03287575,0.0,
0.017618518,-0.016442573,
0.0533977,0.030210253,
-0.06818238,-0.0456509,
-0.04948905,0.015365826,
0.016984742,0.0,
0.041265972,-0.090192206,
-0.08338868,-0.016773775,
0.07994219,-0.047505002,
-0.02910071,0.039804395,
0.059842445,0.0,
0.035197668,-0.060139906,
-0.019324398,-0.048514456,
0.0,0.0,
0.036569774,0.0,
-0.04444199,0.0,
-0.12685326,0.0,
0.019809673,0.011744456,
-0.030436149,0.08455276,
-0.04999933,0.03552563,
0.0,0.010702646,
0.0,-0.053519946,
0.030357799,-0.015654689,
-0.03316514,0.0,
-0.011162022,-0.0146287475,
-0.03334091,-0.06884832,
-0.060677864,0.0,
-0.08360866,0.040402405,
0.03433658,-0.03337983,
-0.07021757,0.07100039,
-0.094870396,0.034182757,
-0.03961839,0.06686405,
0.017837102,-0.050148256,
0.0,-0.024680229,
0.012030548,-0.06041133,
-0.030285802,-0.091373235,
-0.026354633,0.04606341,
-0.05862201,0.013086065,
0.023517352,0.10653459,
-0.10433479,0.039436597,
-0.06815845,-0.027617563,
-0.12831397,0.089341775,
-0.013924253,0.041287065,
0.0,0.13092752,
-0.07974044,-0.05631742,
-0.036051735,0.09258654,
-0.040648058,-0.0141136935,
0.021611959,0.0285121,
-0.06126608,-0.07202962,
-0.090185694,-0.06674708,
0.05798644,-0.040068675,
0.03684043,-0.012973225,
0.04243908,0.0,
0.019207882,0.043517858,
0.04556344,0.010123525,
-0.027383752,0.0,
-0.078096546,-0.083411954,
0.05766746,-0.08562632,
-0.044727735,-0.0680249,
0.0,0.043067735,
-0.06910643,0.050005756,
0.0,0.0,
-0.013612748,0.0,
-0.018754777,-0.018211551,
0.019195553,0.0,
-0.019398887,0.0,
0.040406115,0.016819958,
0.01466852,-0.05855019,
0.048648674,-0.08935272,
-0.02397553,-0.025742231,
0.029590165,-0.056432668,
0.05135232,-0.05600424,
-0.052948736,0.028294146,
0.06783457,-0.025692753,
0.0205101,0.033077076,
-0.06453758,0.012162413,
-0.016655799,0.08351268,
-0.01774989,0.0,
0.0,-0.046692338,
0.011615077,-0.07938167,
-0.021755487,-0.05190135,
-0.11197,0.0,
-0.06497113,0.026231427,
0.094010204,0.0,
-0.040008765,-0.017005967,
-0.06810059,0.021198284,
-0.03064302,0.017258814,
0.033041567,-0.09746801,
-0.0118213715,-0.046434935,
0.02751655,-0.016324969,
0.07613172,-0.014095905,
0.015537198,0.037861656,
0.01506668,-0.03710434,
-0.018610843,-0.027673809,
0.025009332,-0.011894726,
-0.04924643,0.08833157,
-0.15159535,-0.011666181,
-0.038183782,0.15920295,
-0.03525206,0.052415457,
-0.09045255,0.08468066,
-0.085845314,0.026000256,
0.031954505,0.05671346,
0.014790634,0.0,
0.04276019,0.012953933,
0.034592487,0.03455141,
0.0,-0.06488247,
0.03164958,0.018045805,
0.033361133,0.06926152,
-0.03309001,0.0,
0.061031222,0.0,
-0.09459542,-0.033117827,
0.0,-0.024109257,
0.018322926,0.015754636,
-0.011763584,-0.07910391,
0.0122204805,-0.117339626,
-0.03905361,0.03323401,
-0.019547451,0.010764051,
0.053462148,0.01243865,
0.050400127,0.011017123,
-0.029660977,-0.031530075,
0.021214692,0.07093612,
-0.035409708,-0.07510646,
-0.079575785,-0.0637559,
0.0,0.0,
0.0,0.0,
0.075398594,-0.07774099,
0.016983088,0.0,
0.09106285,-0.07185472,
0.017557487,-0.026719252,
-0.017818585,-0.14067769,
0.0,-0.01026474,
0.03378745,-0.087612644,
-0.048886705,0.0,
0.047955427,-0.098221615,
0.0,-0.100709744,
0.07816485,0.11853115,
0.0,-0.014256742,
-0.02833807,0.0,
-0.04683812,0.01684079,
-0.06324078,-0.08047439,
0.0,0.0,
-0.012001674,-0.016537959,
-0.080607764,-0.049543552,
0.029721653,-0.049259227,
-0.086925395,-0.03709967,
0.0,-0.08348558,
0.033850092,-0.017535191,
-0.029805731,0.021169458,
0.10570407,0.0,
0.024186945,-0.09629049,
0.014796367,0.078090206,
-0.1095781,0.066807635,
-0.1976209,0.10887142,
-0.08383113,0.05289574,
0.0,0.0,
-0.030832347,0.033253405,
-0.08436292,0.031052597,
-0.066097155,0.022318024,
0.0,0.08940651,
0.01668654,0.033510473,
-0.013194703,0.05028421,
-0.058210205,-0.041897316,
0.05446337,-0.018334003,
-0.029969731,-0.066108316,
-0.037932526,-0.05494729,
0.0,-0.014954066,
0.029043935,-0.045009118,
0.04133696,-0.061210934,
-0.032675993,-0.03667572,
0.049059805,0.055457216,
0.0,0.018596398,
-0.048325017,0.030082095,
-0.022284742,0.0,
0.015796179,0.048321713,
0.0,0.05017195,
-0.055521637,-0.057820365,
-0.060798377,0.052135263,
0.07317001,0.04241481,
0.010417563,0.0,
0.057102416,-0.02482582,
0.0,0.03275102,
0.024953038,-0.02115044,
0.12329551,-0.06844236,
0.08189062,0.014449749,
-0.06996738,0.01128739,
-0.053017978,0.025329422,
0.010524904,0.048934784,
0.031085372,0.017236384,
-0.033838484,0.0506632,
-0.014320042,0.07614469,
0.027583798,0.0,
0.0,-0.037462704,
0.029884914,0.0,
0.053041887,0.021470197,
0.03410002,-0.025449805,
0.013851176,0.026683442,
-0.063090235,-0.03566954,
-0.06474074,0.033407025,
-0.063241385,-0.049469095,
-0.11707246,-0.05759178,
0.0,0.072408386,
0.022630757,-0.011287169,
0.047987413,0.021759514,
0.049740087,-0.03579097,
-0.021019638,0.0,
0.024611434,0.014767362,
-0.023102326,0.07372718,
-0.012981665,0.0,
-0.07406663,0.05921303,
-0.04472685,0.0,
0.018158488,-0.07729071,
0.0,0.06944462,
-0.07604205,0.08376985,
-0.09580274,0.051324252,
-0.037154935,0.05395667,
0.05721199,0.0,
-0.037612464,0.0,
0.0,0.0,
0.03295147,-0.058596984,
-0.086712494,-0.019962905,
-0.010455645,0.0,
0.026336921,0.0,
0.018362748,0.0822514,
0.013786382,-0.04778781,
0.028246213,0.060645238,
0.08424316,0.04895754,
-0.03924591,-0.017142626,
0.029560674,0.05353602,
0.028573751,0.048703592,
0.031534452,0.048101373,
0.026905783,-0.016826585,
-0.037719246,0.12727961,
-0.077662885,0.0,
0.0,0.053961545,
-0.01655399,-0.0575496,
0.0,-0.028095406,
-0.06878423,0.020044267,
0.06277919,0.055023797,
-0.01145091,0.028761933,
0.025988964,-0.07192884,
0.039922893,-0.061201986,
0.020829603,0.0,
0.04828279,-0.013054919,
0.0,0.039747167,
-0.029561985,0.09024823,
-0.084676065,-0.012782736,
0.0122753205,-0.03215247,
0.03291953,-0.02812817,
0.070048615,-0.09835153,
0.034907203,-0.047308564,
0.08651058,-0.060873233,
-0.073874794,0.0,
-0.10229368,0.02939928,
-0.01025516,0.02062635,
0.0,0.029732458,
0.041029904,0.019924419,
0.07249839,-0.029158823,
0.050452113,0.09188838,
0.021864675,-0.09145766,
-0.057901576,0.0,
0.0309955,-0.07538156,
0.013324238,0.040779047,
-0.05029783,0.12676628,
-0.057387374,-0.05514215,
-0.054717455,0.028697956,
-0.12383468,0.022822784,
-0.096372634,0.071033314,
0.037699144,0.14435156,
-0.015155907,0.0124993455,
0.0,-0.03231942,
0.015014384,0.076928794,
-0.069937624,0.030209122,
-0.014068134,-0.023468535,
0.0,-0.049243804,
0.058523227,0.049777154,
0.0,-0.09063027,
-0.023365285,0.015311819,
0.019658614,0.039206967,
-0.04845648,0.014554066,
0.04818744,-0.07444887,
0.0,-0.06725691,
0.046232596,-0.085766375,
0.03578425,0.0142978085,
-0.052857634,0.102718785,
0.010867659,-0.056484934,
-0.01834056,0.027627956,
0.10528468,0.07493924,
-0.040487524,-0.042928755,
0.086952806,-0.01380795,
-0.07551633,-0.028714756,
0.0,-0.031095479,
0.023959849,0.057865486,
0.0727715,-0.045591153,
0.0,0.10757178,
0.054811917,-0.016951995,
0.017106367,0.06332154,
-0.011897157,0.022265859,
0.037862543,0.15741366,
0.052967697,-0.010591652,
0.029859751,0.07362198,
0.0,-0.038598735,
-0.10585352,0.01497518,
0.062493347,-0.017632676,
0.031254407,0.04348559,
-0.027372656,-0.023986708,
0.0,-0.014287959,
0.065851666,0.020703204,
-0.018345756,0.041055102,
0.024930874,0.0,
-0.01791614,0.07139693,
0.01962312,-0.12618849,
0.015621409,-0.116297066,
-0.06810143,-0.03479055,
-0.010557632,-0.091372214,
0.0,0.0,
0.03852819,0.0,
-0.03309918,0.036737453,
-0.05443242,0.0,
0.06670399,-0.01656335,
-0.07934106,-0.012743988,
-0.105023414,0.07033995,
0.0,-0.04237814,
0.0,0.11418759,
-0.0139336875,0.07240437,
0.052338906,-0.01231725,
0.058909602,0.040281042,
0.09817571,0.04753689,
0.018330833,-0.087663904,
0.0457053,0.02898714,
0.05159765,0.05934209,
-0.01962009,0.042459212,
-0.018070124,-0.036703583,
0.018703034,-0.08741721,
0.15096833,0.06208238,
-0.010813103,-0.079454705,
0.05337069,-0.060443364,
-0.030737216,-0.024466315,
0.05825086,-0.059690744,
-0.014859186,-0.011700091,
0.019592078,0.0,
0.0551265,0.010573908,
-0.03934326,-0.058846913,
0.030541733,0.11108585,
-0.014838579,0.08922923,
-0.034790315,0.0,
0.0,0.0,
0.023023592,0.014128145,
0.045006815,-0.025856245,
0.12842964,0.04428009,
0.036662057,0.04797246,
0.03670081,0.1307281,
0.016302189,0.08610355,
0.016013408,0.025443522,
0.023133514,0.035813797,
-0.019617125,0.033585317,
0.035276987,-0.0842301,
0.0313842,0.01585789,
-0.05787446,0.023677377,
-0.012548876,-0.015127237,
0.0,0.052311145,
0.04121156,-0.036273055,
0.117845446,-0.014629114,
0.024592165,-0.07415092,
0.052100424,-0.082714304,
-0.049898244,-0.029608443,
0.0,-0.06774866,
0.0192772,-0.031986486,
-0.011099911,-0.037175328,
0.094437994,-0.015669601,
-0.08585937,0.045128465,
0.048232026,-0.16210732,
0.034317017,0.016264105,
0.0,-0.09280669,
-0.011367365,0.036817234,
0.046206124,-0.05207432,
-0.08936433,-0.062319644,
-0.0745592,-0.0544759,
-0.06931569,0.0,
-0.053579662,0.076003864,
-0.068334706,0.0,
-0.013753592,-0.022882922,
0.059219647,-0.023929251,
0.014286461,-0.024218751,
0.11271047,0.048192814,
0.03295631,0.0797469,
0.042560186,-0.012490114,
-0.013445047,0.0,
0.043743424,0.021005647,
0.0999653,0.043935873,
0.0,0.024921967,
0.0,-0.06147466,
0.016558385,-0.059746865,
-0.040362556,-0.038753994,
0.017837813,0.08186726,
-0.06612542,0.012414045,
0.11777562,-0.054739084,
0.06501765,0.1148419,
-0.055714823,-0.05501804,
0.0,0.08691717,
0.015190718,-0.031097148,
-0.024013683,0.0,
-0.05794792,-0.043838352,
0.025922831,0.0124952905,
0.05147295,-0.03222473,
0.057664797,-0.023000896,
-0.033347245,-0.06002901,
-0.09073224,0.08842383,
0.013253472,0.0,
0.067967914,0.05229226,
-0.0141562475,0.0,
-0.03926573,0.031328283,
-0.016480645,-0.033405893,
0.08312193,-0.049692992,
0.0,-0.050999682,
-0.020395046,-0.032362718,
0.05883388,0.03970959,
0.0,0.010499339,
0.046927445,0.01974906,
0.06555232,0.0,
0.06731392,-0.02670388,
0.054744508,-0.0917531,
0.035510875,-0.036571093,
-0.010908419,-0.12560052,
-0.09322559,-0.016059887,
-0.010029412,-0.018063193,
-0.08359124,0.0,
-0.028969541,-0.051788244,
-0.0523043,0.024043335,
0.0,-0.013771151,
0.045644045,0.06582225,
0.054031704,0.019630717,
0.0,-0.046150845,
-0.13142559,-0.010006837,
-0.07165648,-0.10665843,
-0.06622088,0.038584694,
0.021080231,0.028366579,
-0.029632209,0.018741455,
0.06121784,0.0,
0.057184406,-0.026533855,
-0.018181346,-0.06317801,
0.045290492,0.0,
0.027892426,-0.054801546,
0.034410466,0.076858714,
0.10428985,-0.040912375,
0.01328892,-0.06470736,
0.101044655,-0.02519978,
0.03469641,0.016166495,
0.06816501,0.0,
-0.078338064,-0.041234005,
-0.032850355,0.0,
-0.027353812,0.027550198,
-0.06697055,0.0,
0.015455969,0.017965445,
-0.034504734,0.06419026,
-0.010191877,0.012631305,
0.05671938,0.0,
0.07758354,0.0,
-0.02520949,-0.024737934,
0.049200922,0.016862318,
-0.06630622,-0.043850273,
0.01809872,0.0,
0.035365283,0.075069554,
0.05429867,0.0,
0.04505387,-0.03333117,
0.0549651,0.0719626,
0.09307097,0.043596193,
0.021023046,-0.022857517,
0.033511166,0.0,
-0.05473338,0.022766912,
-0.021337278,0.011682074,
-0.058196988,-0.026054176,
0.034112774,-0.02147259,
0.02576593,0.0,
0.06182385,-0.08331726,
0.07218449,0.0,
-0.05117863,-0.01745779,
0.014429162,-0.021666786,
0.09236187,0.0,
-0.04207588,-0.010380977,
0.03401728,0.0,
-0.013904545,-0.041037872,
0.015536024,0.0,
0.039279394,-0.025237579,
-0.04809748,-0.0212562,
-0.025804833,0.0,
0.01225906,-0.025709784,
0.044534765,0.02005417,
0.0,-0.030178493,
-0.046410497,0.026578303,
-0.016148318,0.016517973,
-0.043422285,-0.048982847,
-0.08513476,0.025822312,
0.075620614,-0.020233344,
0.099200025,-0.02621658,
0.12999463,-0.03200321,
-0.012272963,0.0,
-0.02783306,-0.012762279,
-0.016871449,0.065566145,
0.082044356,0.0,
-0.031218441,-0.048621327,
0.026547363,-0.017168803,
0.02764014,0.018680148,
0.056611743,0.07089779,
-0.011446702,-0.011470918,
-0.041192785,-0.012920614,
0.0,-0.055876937,
0.0,0.023131065,
0.043219022,0.025800638,
-0.025506185,0.08950327,
-0.017544119,0.0,
-0.08634046,0.0,
0.08543592,-0.0133320205,
0.041141175,0.0371003,
0.06831996,0.08912876,
-0.048753716,0.032879543,
-0.014850389,0.02166244,
-0.06710072,0.0,
-0.05135951,0.08990837,
0.023684084,-0.0485394,
0.07513914,0.03467665,
-0.011669921,-0.07795918,
0.0863637,0.02647422,
0.045041244,0.03367976,
0.085229345,0.01938526,
0.0,0.030111728,
0.08142987,0.015647363,
-0.07633309,0.051478937,
-0.036415756,-0.023314837,
-0.028703855,0.0,
0.018387927,-0.0970169,
0.0,0.0,
0.024444558,0.06835,
-0.049502023,-0.055625204,
0.017978443,0.0,
-0.029670201,-0.023331273,
0.09083399,0.02023797,
-0.025648896,0.06478799,
0.04416337,-0.07431147,
-0.07515418,-0.078834124,
0.01898853,-0.044402637,
0.019004034,0.08247052,
0.12261711,0.0,
0.018789817,-0.083277635,
0.04079062,-0.0613022,
0.0,0.02742293,
0.0,0.0,
0.046704784,0.057431843,
0.017875373,-0.030381327,
0.030507449,0.0,
0.06810132,0.0,
0.0,0.025863558,
-0.033527978,0.017615061,
-0.02083198,-0.014131829,
-0.029238371,0.0,
0.05452551,0.0,
-0.014667793,0.07555407,
0.08188504,0.058417797,
0.05928183,-0.011310651,
0.0,0.0,
-0.08293926,-0.029308822,
-0.055325657,0.0,
-0.017193602,0.04301464,
0.04034147,0.029176794,
0.047140606,0.07651713,
0.0,0.07361977,
-0.07700789,-0.057139207,
-0.020840649,0.0,
0.07333834,-0.029824944,
0.07290532,0.015988046,
0.0150303375,0.08141368,
-0.041023277,0.10722068,
0.042733233,-0.011162651,
0.046428066,0.014684115,
0.0,-0.018563887,
0.047330707,-0.049196154,
0.0,0.0,
0.022837944,0.032554585,
0.013666098,0.061190322,
0.0,0.021022592,
-0.042395517,0.08268323,
0.032511197,0.032241546,
0.051855143,0.053787094,
-0.017403966,0.0,
-0.010106412,-0.03422462,
-0.02307523,0.032966357,
-0.018904312,-0.057784617,
-0.084322624,0.04323942,
0.032277778,0.101571366,
0.0,0.027263332,
0.05331426,0.025770787,
0.061663505,-0.0727403,
0.042320248,-0.04129165,
0.05275624,0.076476745,
0.012125314,-0.05412097,
-0.06798615,0.0,
0.030380003,-0.021524863,
-0.11047738,0.0319727,
-0.046857987,-0.056838028,
-0.058729596,0.06290605,
0.04010171,-0.0703231,
0.01207197,-0.034443676,
0.037859105,0.0,
-0.038635336,0.06909159,
-0.06256351,-0.09412178,
-0.051557235,0.018188579,
0.029559357,-0.04668507,
0.07654478,-0.081621416,
0.03749503,0.0,
0.0,0.0,
0.0,-0.011387411,
0.046385866,0.0,
0.048293162,-0.014057335,
0.0,0.01107753,
0.018056594,-0.066477574,
-0.13079464,-0.013710652,
0.0,-0.045856763,
0.048337556,-0.06957194,
0.020594072,0.012345078,
0.047338,0.052172218,
0.0,0.029926797,
0.07265119,0.017385485,
-0.010220274,-0.012460516,
0.0,0.05058336,
-0.037043657,-0.02548127,
0.03830874,-0.028978167,
-0.058893144,0.07349827,
0.0,0.02111811,
-0.050469935,0.011475748,
0.015892753,-0.021288268,
0.0,0.0,
-0.03586958,0.0,
0.067958094,-0.013723318,
-0.03981924,-0.03799443,
0.0,0.013455503,
-0.027620649,0.0739087,
0.03266612,0.074403174,
0.041510947,-0.015314181,
-0.029146597,0.05422848,
0.02856577,0.056991816,
-0.01611519,0.014304713,
0.04595685,0.030298172,
0.040496305,0.0,
0.12258662,-0.06048654,
-0.029454106,-0.040199347,
0.026879366,-0.054423608,
0.0,-0.06105295,
-0.02626947,0.0,
-0.022580914,0.0,
0.04047301,-0.017296065,
0.0,-0.012834897,
-0.03158282,-0.11467798,
-0.01022454,-0.03413852,
-0.019405197,-0.032243103,
-0.020777397,0.03366216,
0.06486581,0.0,
-0.033828698,0.04480929,
-0.023403019,-0.050749287,
0.03812686,-0.077018864,
0.035390288,0.019892983,
0.027086904,-0.013176395,
0.07232922,0.0,
0.01740995,-0.022754522,
0.07332633,-0.034871846,
0.043548826,-0.036058243,
0.062521495,-0.02148051,
0.034081127,0.04475138,
-0.07752731,0.0,
0.021910315,0.0152573595,
0.032149278,-0.028347826,
-0.043282937,-0.042429697,
0.010669641,0.045300547,
0.015103833,0.046462476,
0.09424911,0.0,
-0.026946383,0.075445294,
-0.03936909,0.016187845,
0.043152902,0.028697582,
-0.012964175,0.03938124,
-0.020981494,0.027356926,
-0.016659616,-0.053382836,
0.02249486,-0.052031405,
-0.022488482,0.0,
0.0,0.06136587,
0.026030304,0.05616752,
0.06649159,-0.042821165,
0.12934321,0.025821837,
-0.022565823,-0.05778794,
-0.05379051,-0.044151895,
-0.055905726,0.023838555,
0.07129395,0.0,
-0.022933358,0.071156465,
-0.04753586,0.020978797,
0.109875984,0.062182494,
-0.044501647,0.018356523,
-0.010485163,0.03651252,
0.028993644,-0.036830176,
-0.02643871,-0.023156606,
0.014322687,0.020112867,
0.027432201,0.15124395,
-0.09256438,0.043621663,
0.0807885,0.05294352,
-0.03928617,-0.04960894,
0.03977467,0.042870607,
0.01918118,-0.056931473,
0.011480024,0.018365134,
0.07641116,0.03683011,
-0.03700423,-0.06337565,
0.0,0.0,
-0.072745785,0.01719025,
0.046443254,-0.09250508,
-0.030161683,0.046716902,
-0.05030641,0.11223492,
0.049304422,0.09252339,
-0.08290812,0.04785567,
-0.054142997,0.02597565,
0.065986305,-0.031670995,
-0.030079698,0.0,
0.0,-0.011211841,
0.014341303,0.0,
0.051567502,-0.10421178,
-0.014199788,-0.030625971,
-0.036761954,-0.01798518,
0.011700646,-0.024329662,
-0.02301657,0.0,
0.03554372,-0.042785257,
0.023510646,-0.057120066,
-0.020846013,-0.10045525,
-0.07129701,0.0,
0.0,0.017539669,
-0.028158296,-0.053170837,
0.016617702,-0.012147723,
-0.024826212,-0.024035838,
0.0,-0.049574845,
-0.016525555,-0.06104343,
0.025978362,0.021314392,
-0.011988986,0.031683546,
0.020170901,-0.055235036,
-0.04042292,0.014803895,
0.04774177,0.06548596,
0.0,0.0,
0.030731315,0.0,
0.0,0.0,
0.062798455,0.024288371,
-0.07294148,0.0,
0.039525367,0.0,
-0.04735094,0.059328027,
-0.02775413,0.024253251,
0.10532902,0.013041465,
-0.03727129,0.09535802,
0.0,-0.03340841,
0.046056274,-0.056640744,
0.026430823,0.041299015,
-0.06329839,0.0,
0.023235584,-0.027460823,
-0.07560416,0.0,
-0.05294672,0.03823999,
0.0,-0.030015798,
-0.025373833,-0.03889508,
0.05166439,0.061812572,
0.031032594,-0.028646931,
-0.06072066,0.02748915,
-0.055139173,-0.05544916,
0.0,0.0,
0.05827275,-0.031274397,
0.0,-0.061140984,
0.0696084,-0.054367412,
-0.011448668,-0.087359674,
0.062078945,0.0,
-0.026570667,-0.03301011,
0.014089389,0.113519445,
-0.06871099,-0.04008645,
0.01443376,0.0118172495,
0.0,0.035148293,
-0.017635245,-0.07224344,
-0.09417434,0.055593535,
0.044515308,0.020939345,
0.0,-0.028564503,
0.017540587,0.028936295,
-0.04964684,0.012441781,
-0.0137872705,0.09648284,
-0.017028682,0.03262496,
0.02150192,0.09529345,
-0.012784246,0.0,
-0.036874402,0.054681122,
0.0,-0.048180073,
0.0150658265,-0.031462733,
-0.10086234,0.0,
0.020902855,0.06729024,
0.0,0.055213064,
0.03316913,0.13928616,
-0.06681769,-0.024221877,
-0.018402634,-0.06498589,
-0.039124038,-0.040935583,
0.05755763,-0.07759101,
-0.026306758,0.029875712,
0.031180143,0.023811031,
0.026997594,0.0143096885,
-0.019594727,0.09311746,
0.022000995,-0.061444942,
0.030368399,0.0,
-0.031896655,0.049183883,
-0.098312944,-0.055867128,
0.082139395,0.033189867,
-0.06628514,0.016496245,
-0.012790977,0.0,
0.0991086,0.047041703,
-0.05763055,0.032334972,
0.023484362,0.0,
0.04247178,0.033907,
0.03140471,0.0,
-0.026166508,0.04361408,
-0.027370367,0.0,
-0.06639526,0.0,
-0.107698575,-0.0687107,
-0.014212639,0.08157538,
0.075690635,0.016722694,
0.01253653,0.0,
0.09479032,-0.028593397,
0.050613984,-0.023173448,
0.07419094,0.0,
0.062005512,-0.05070801,
-0.014066127,0.0,
-0.042952847,0.0,
-0.022422269,-0.09472368,
-0.050014995,0.0,
-0.021272626,0.0,
0.010671253,-0.034892835,
-0.013762416,0.057423018,
-0.06440141,-0.024609076,
-0.012570002,-0.037608594,
-0.092671745,-0.08798701,
0.030979708,0.028796313,
-0.07034529,0.068514235,
0.026452422,0.018849952,
0.041917533,-0.108011514,
-0.019793928,0.0,
0.02431709,-0.019547269,
-0.023896901,-0.04257288,
-0.040886648,0.058735985,
0.05033272,0.0,
0.041054506,-0.06847104,
0.013843678,0.0,
-0.15142055,-0.036309645,
-0.012330028,-0.02351931,
0.027641637,0.03890229,
0.0,0.060004544,
0.035109803,0.016787315,
-0.03086635,0.055095408,
0.030968953,0.08249623,
0.031019527,-0.062238377,
0.0,0.0,
-0.024714692,0.06086176,
0.034722887,0.0,
0.0,-0.07229123,
0.02385473,-0.05778487,
-0.019983036,0.05822504,
0.030674152,-0.034931898,
0.06590964,0.019388221,
0.01992146,0.0,
0.0,-0.015152318,
0.056034915,0.023840046,
-0.084739715,-0.030448768,
-0.028861092,0.0,
0.06767654,-0.030333638,
-0.08317741,0.05280604,
-0.029671833,0.0,
0.029479027,0.04371634,
0.07584705,-0.072122045,
-0.049618308,0.0,
0.034024503,0.017364793,
0.0,0.030765794,
0.021965588,0.019337218,
0.011233643,0.03820752,
0.0,-0.060975067,
0.010533229,-0.11197949,
0.021094857,-0.019360632,
0.08489544,-0.04418795,
-0.03450389,-0.041025072,
0.015347434,-0.016198859,
0.0,-0.016063541,
0.07906039,0.024491206,
-0.023057433,0.0,
0.014429489,-0.031413097,
0.036546215,0.010410018,
0.0,0.0,
-0.045552675,0.0,
-0.023571178,-0.06809805,
-0.056476798,0.0,
-0.023028612,0.018608768,
-0.02097285,0.013246183,
-0.030009553,-0.010255251,
-0.010952159,-0.026514037,
-0.03390978,0.0,
-0.032303814,-0.045298573,
-0.04998494,-0.07651645,
0.0,0.076179914,
-0.020034457,-0.06269505,
0.029359367,0.01204599,
-0.04860525,0.017507507,
0.09887216,-0.018895391,
0.031044848,0.055580694,
-0.025231438,0.06000509,
-0.025934966,0.0,
0.0293424,0.0,
0.0548309,-0.040152878,
-0.035182912,0.05021758,
-0.060427602,0.026152287,
0.08084385,-0.05103292,
0.0,0.07128907,
-0.0140740955,0.02246256,
0.034585204,-0.011455078,
-0.050834164,0.0,
0.0332322,0.037788417,
-0.048896383,0.101282604,
0.0,0.10660652,
-0.0270049,0.059020486,
-0.03645643,0.04922327,
0.071373664,0.06636163,
-0.04015381,0.0,
0.013669877,0.042502813,
0.023375707,-0.038355313,
0.1079367,-0.012673911,
-0.037600562,0.018194469,
0.02679039,0.0,
-0.014816023,-0.020029426,
-0.030953752,0.06418689,
0.045156356,0.0,
0.0,0.055283885,
0.0,-0.043420143,
0.057081163,-0.03942417,
-0.01281445,-0.06656384,
0.037327636,-0.04969278,
0.013514843,-0.04665413,
0.03751204,-0.037000377,
0.0,0.054958038,
0.0,0.0,
0.0,0.022378493,
-0.07456231,-0.11807173,
0.082288176,0.0,
0.05236064,-0.033363376,
0.012070883,0.030539177,
0.012477046,0.08298134,
0.054094624,-0.059037447,
-0.083276905,0.0,
0.043144997,-0.055612996,
0.0,-0.09908704,
0.0,0.023017885,
0.038744483,-0.030018399,
0.0,0.0,
0.0,-0.02249663,
-0.08554856,0.0,
-0.013937975,0.114213035,
0.031939164,-0.02574629,
-0.049373265,0.056389697,
0.10556858,0.023310864,
0.06389151,0.0,
0.029574394,-0.078452,
0.0,0.0,
-0.047978546,-0.013414036,
-0.04876838,-0.019367235,
0.052435663,0.07699992,
0.0,0.016361369,
-0.09966034,-0.084633306,
-0.02763769,0.031269714,
0.0,0.037803125,
-0.017881421,-0.053948753,
0.018050795,-0.0379035,
0.07408152,0.0,
-0.0855389,-0.063644476,
-0.045009065,-0.047211785,
0.0,0.054230835,
-0.06436596,0.0,
-0.018574953,0.019167807,
-0.02917512,0.01829926,
0.019007372,0.035969913,
0.0,-0.07012831,
-0.016672855,-0.037487295,
0.061373245,-0.03024367,
0.0,-0.0376256,
-0.029584354,-0.06781902,
0.04582476,0.027357796,
0.1287054,0.023347931,
-0.01794893,0.0,
0.04430112,0.021363202,
-0.01540769,-0.045775764,
0.0,0.08958711,
0.0,-0.02103912,
0.08319124,-0.03752647,
0.064064905,-0.07229677,
-0.07018432,-0.10043381,
-0.051364407,-0.035548985,
-0.079981685,-0.06692655,
-0.074417,0.011885171,
0.0,0.050641026,
0.024688054,0.035228472,
-0.06604891,-0.016995423,
0.0376889,0.037550475,
-0.078576446,-0.051954962,
-0.032931425,0.038704272,
-0.022866623,-0.027773587,
-0.06580571,0.060841396,
-0.020966738,-0.05406786,
0.08167718,0.017365495,
0.034653198,0.057898484,
0.12926696,0.0,
0.060520444,0.03209905,
-0.040508315,0.025162058,
0.074079104,0.06394498,
0.04521096,-0.032917593,
-0.033172917,0.016241886,
0.042181507,0.0,
-0.08127215,0.0,
-0.049209222,-0.031796657,
0.052213233,0.0,
0.092917114,0.03821217,
-0.017528864,0.07802875,
-0.03834479,0.03737195,
0.0,-0.049439497,
0.029768923,0.0,
0.027148783,-0.018432043,
0.123199925,0.0,
-0.035856716,0.059426762,
-0.06773967,0.03890456,
0.0,0.017631574,
-0.018416427,-0.01217681,
0.037769925,-0.083865605,
0.0,0.023012657,
0.041307304,0.03462008,
0.0,0.07091242,
0.0,-0.026754422,
0.060628463,0.027868122,
0.023955252,0.07766102,
0.025850313,0.0,
-0.026506832,0.022466352,
0.0,-0.07465393,
-0.048032813,-0.038969394,
-0.011639529,-0.025973463,
0.0,-0.011069688,
0.0,-0.016390631,
-0.055545546,0.032739963,
-0.078897186,0.028624827,
-0.055694047,0.0,
-0.053892273,0.0,
0.045884196,-0.013007818,
0.057391513,-0.03922593,
0.029644312,-0.04929598,
0.039283138,-0.048993226,
-0.06099466,-0.02386549,
0.0,0.021200178,
-0.053079102,0.0,
-0.1359321,-0.026488258,
0.016235173,0.020299708,
-0.016494716,0.01588484,
0.03337378,-0.059282314,
0.0120560955,-0.06307299,
0.06381671,0.0,
0.022175035,-0.05480522,
0.0,-0.044181976,
0.0,-0.044977043,
0.0,-0.047269993,
0.04292809,0.06263804,
-0.011294638,0.016957551,
0.02382185,0.053630825,
-0.024262583,0.0,
0.011750383,-0.011432597,
-0.049832538,0.05600135,
0.02883655,0.014459063,
0.0,0.0,
-0.09231575,-0.030440668,
-0.023593264,-0.026625657,
-0.04617379,0.022060439,
-0.014061642,0.028523792,
-0.01235293,0.05607423,
-0.018737288,-0.06200448,
0.032458406,0.0,
0.018293824,0.0,
-0.023663282,-0.08974346,
0.03488281,-0.06602046,
-0.09634883,0.02469339,
0.044475876,-0.039067887,
-0.02909224,-0.055184457,
0.09663969,0.071806155,
-0.015730085,0.0,
0.011765526,0.0,
-0.07489312,-0.015094756,
0.04984953,-0.03092676,
-0.024368383,-0.01990874,
-0.038236514,-0.047664944,
-0.02154898,-0.021239066,
-0.04872214,0.024844535,
-0.01176273,0.0,
-0.041186463,0.06689938,
0.05759075,0.0,
0.030958736,-0.0500349,
-0.015682679,-0.01150316,
0.0,0.0,
-0.030014237,-0.038567465,
-0.10571398,-0.018480675,
-0.039538924,0.0,
-0.036499687,0.026069533,
-0.015464631,-0.046169855,
-0.08321227,-0.030194877,
0.0,-0.09087104,
-0.034046818,-0.070450366,
-0.036043033,0.070450254,
-0.06855682,0.05957465,
-0.07845057,-0.0136675555,
0.030442452,0.02479701,
0.023469253,0.056466278,
0.0562076,-0.045984864,
0.057865467,-0.04828584,
-0.038731314,-0.04347826,
0.033604097,0.0,
-0.03582114,-0.025472721,
-0.045722693,-0.04298396,
-0.04167373,-0.012767838,
0.012799621,-0.012347808,
-0.050548747,0.053966362,
-0.07571462,0.014868689,
-0.01472645,0.031783257,
-0.031260584,0.04290254,
0.038039584,-0.03670332,
-0.056382835,0.08617194,
0.0139521165,0.0,
-0.050029427,0.05738527,
0.04032656,0.024288015,
0.0,0.04592632,
0.024748243,0.0,
0.09676148,0.029849228,
0.037754238,-0.038814057,
-0.023517262,0.0,
0.071973845,-0.013857259,
0.023773117,-0.11610415,
0.08677219,0.0,
-0.046308357,-0.03742019,
0.07289707,0.0,
0.0,-0.035416692,
0.0,0.0,
0.04873468,0.0,
0.0,-0.045112558,
0.0,-0.06955376,
0.0,-0.043576308,
-0.07071279,0.034359574,
0.0,0.039707292,
-0.01131432,0.03275185,
0.0,0.011337548,
-0.046735607,-0.06709955,
-0.011094491,-0.044155154,
-0.060437314,0.039438035,
0.050944768,0.0,
0.045572262,0.012752988,
-0.071435474,0.0,
-0.041038465,-0.019071443,
0.0,-0.020269874,
0.0,0.0,
0.050752915,-0.042728897,
0.038803924,0.022141196,
-0.038803693,0.0,
-0.027068872,-0.024493247,
-0.06055732,0.024295228,
-0.014124537,0.06039584,
-0.04004037,0.05758406,
-0.036746766,-0.041248128,
0.030935569,0.08428033,
-0.062063385,-0.0662572,
-0.018777732,0.03933987,
0.026873948,-0.058251057,
-0.011649787,-0.034982096,
0.0426233,-0.091000155,
0.027175818,0.039022595,
-0.078484155,0.031207575,
-0.054832432,0.052155077,
-0.044087384,0.035532124,
-0.05518245,-0.03634959,
0.013033246,-0.04034224,
-0.026113851,0.036555883,
-0.09116063,0.03299615,
0.0,0.01762831,
-0.027638614,0.060934786,
-0.021146541,-0.061127108,
-0.032755826,0.060608722,
0.04697446,0.014511907,
-0.05016616,0.036196563,
-0.015950946,0.030419318,
0.014191968,0.03639466,
-0.076227434,0.08219637,
0.014710491,-0.02343153,
0.0,0.0,
0.0,0.05369314,
0.0,0.0,
0.06990522,-0.043240245,
-0.084389746,-0.03840563,
0.029796934,-0.013928375,
0.019069094,0.0,
-0.06432451,-0.01574229,
0.08617503,0.021213187,
-0.07074653,0.056011483,
-0.013036069,-0.029601721,
-0.10151898,0.06648019,
-0.015996726,-0.04046987,
0.015841821,0.10621285,
-0.022233993,-0.039810687,
0.031033544,0.0,
-0.032879524,-0.060773507,
0.0,0.0,
-0.014664606,0.053456157,
0.018305294,0.0224789,
0.0119409235,-0.039054118,
0.023530556,0.07949917,
0.0,-0.018064247,
0.019193245,-0.04681951,
-0.069982305,-0.031257857,
0.043262184,0.04478845,
0.042483766,-0.0262525,
-0.033970363,0.0304488,
-0.10355191,0.0,
0.05922651,0.02894349,
0.08504895,0.11425028,
-0.058256,0.017498735,
0.060749028,0.014894962,
0.050187238,0.11578536,
0.027927725,0.03065842,
0.0,0.034260966,
-0.04133731,0.04600957,
0.03023659,-0.03547904,
0.056175783,-0.03993326,
0.045197085,0.07577397,
-0.04241621,0.022607367,
-0.027268913,0.022706207,
-0.037444267,-0.040621184,
-0.032924317,0.047518175,
0.0199156,0.010560386,
-0.012233808,0.0437883,
0.0,-0.024844281,
-0.016681587,0.06505208,
0.020062786,0.025262566,
-0.01422147,0.0,
-0.030114215,0.0,
-0.051215436,0.026010651,
0.0,0.010919773,
0.03523793,0.024373353,
0.0,-0.018223569,
0.0,-0.015883813,
-0.038161535,0.03998902,
0.042037733,0.103607506,
0.04634037,0.02190281,
0.0,-0.051819835,
-0.029987363,-0.017042981,
0.02136353,0.032266684,
-0.026082188,-0.031030057,
-0.09267818,-0.017482355,
0.0,0.03672089,
0.071631774,-0.016799768,
-0.010414956,-0.031094389,
0.0,0.08596028,
-0.07784215,-0.016018746,
-0.010330258,-0.058620166,
-0.07444822,0.0,
0.0,0.03931353,
0.0,-0.054423746,
-0.02845439,0.030854935,
0.0,0.0,
-0.0108713135,0.0761649,
-0.05407224,0.04780613,
-0.02128728,0.06319075,
-0.044349343,-0.016518032,
-0.017359788,0.026842887,
-0.07777405,0.05526927,
0.039491206,-0.058608484,
0.0,0.017806273,
0.11360982,-0.020715436,
0.061562147,0.0790467,
-0.030005803,0.054914065,
-0.019791812,0.0166887,
-0.03032241,-0.020041442,
0.062287617,-0.023495216,
0.0,0.05739575,
0.06743875,0.0,
-0.061821144,-0.024959253,
-0.018134419,0.0,
0.014324392,0.0,
-0.0558979,-0.01521542,
-0.03631827,0.0114325145,
0.0,-0.015738465,
0.02734689,0.03988,
0.0,0.0,
-0.115143634,0.044155397,
-0.029854098,-0.040256973,
-0.042793754,0.059509058,
-0.013646433,-0.023324959,
0.026662255,0.03978466,
-0.11826481,-0.010588095,
0.031816814,0.016066082,
0.06003877,0.0,
0.0,0.021173809,
0.013561634,-0.034904588,
-0.10680334,0.0,
0.094709076,-0.04043123,
-0.16258211,0.014322324,
0.04778208,0.0,
0.040162347,-0.041169766,
0.0,-0.017066205,
0.036411263,0.0,
-0.027513102,0.024199978,
-0.01970159,0.07711009,
0.023360183,-0.058817904,
-0.047285564,0.030273754,
0.0,-0.052339837,
0.056291845,-0.02664157,
0.036879677,0.038391802,
0.046660587,0.0,
0.0,-0.013362815,
0.0,-0.049553994,
-0.031784747,0.06172043,
0.031725008,0.012128849,
0.0808389,0.08131126,
-0.037437666,-0.08609596,
0.032519445,0.057833955,
0.0,0.042743642,
-0.047760457,0.0117179565,
0.0,0.027034031,
0.044922564,-0.0465752,
0.078593396,0.053090848,
-0.0348404,0.033133935,
0.028562179,0.04323983,
0.07573378,0.0,
-0.07344564,-0.011516579,
0.0,-0.052696485,
0.0,0.051396824,
-0.026096437,0.03893039,
0.0500156,0.0,
0.032948986,0.025321038,
0.10222448,0.080428764,
-0.044062,0.01989011,
0.044391155,0.06763257,
0.01567788,0.0,
-0.023889184,-0.052981198,
0.04950539,-0.063009776,
0.029312376,-0.052838784,
0.03098969,0.07791129,
-0.09670845,0.025766183,
-0.029315628,-0.018033506,
-0.0249808,0.043693103,
0.08601542,-0.021367477,
0.055696595,0.0,
0.04005813,-0.044759177,
0.047143184,-0.024896227,
0.01865319,0.0,
-0.010656634,0.088790305,
0.025343718,-0.074767895,
0.046174537,0.015693158,
0.0,-0.029682333,
0.029241823,-0.046569683,
-0.026513102,0.0,
0.03883987,-0.019214619,
0.09574129,-0.07927008,
-0.077387325,0.043656778,
0.0,0.10830735,
-0.010181504,-0.0319364,
-0.040452596,-0.062888175,
-0.02815229,0.047577452,
0.014555313,-0.029005963,
-0.041364376,0.055525046,
-0.022491083,0.0149553465,
0.029089574,0.08784805,
-0.010762779,0.0,
0.012980115,-0.018680746,
0.0,0.028884962,
0.0,-0.03170668,
0.059160464,-0.03146715,
0.0,-0.06687697,
-0.042077433,-0.024542082,
0.06788306,0.013008528,
-0.03256529,0.0,
0.0,0.013654257,
0.075371414,-0.042471018,
-0.051407255,0.025127606,
0.0,-0.047096636,
0.02502006,0.04614683,
0.061600946,0.10463859,
0.032544058,-0.01573673,
-0.026330397,-0.08408313,
-0.041080847,-0.049472734,
0.0,0.068534665,
0.08294148,-0.023646342,
0.048484415,-0.045521405,
0.095478624,0.0,
-0.07319945,0.0593927,
0.1327191,-0.03925102,
-0.016495708,0.06692609,
0.025528837,0.0,
0.0,-0.040039442,
0.0133873345,0.065853715,
0.016733147,-0.075626455,
0.0,0.034711655,
-0.022936115,0.0,
-0.14839788,-0.021870952,
0.05592002,-0.028978031,
-0.064293034,-0.038596578,
-0.03419161,-0.13469929,
0.12381013,0.010576153,
0.06675973,-0.057009958,
0.0,-0.036913425,
-0.046150785,0.023972841,
0.018513072,-0.07214293,
0.049108647,-0.015632013,
0.0,0.0,
0.04646153,-0.10250342,
0.09009009,-0.031645566,
-0.027026614,0.0399011,
0.035655882,-0.092845045,
-0.10720651,0.0,
0.016310165,-0.066841274,
0.023453047,-0.06479276,
0.0,-0.019790426,
-0.037357185,-0.049391564,
0.06738291,0.01615462,
0.047320772,-0.039286084,
0.0,-0.031936575,
-0.011591482,-0.045193207,
0.0728164,-0.050070986,
0.07258613,-0.028415551,
-0.035856698,0.03987729,
0.070959024,-0.02020838,
0.06397547,0.047635794,
0.04674331,-0.062195383,
0.021921039,0.05304388,
0.02242216,0.031607393,
0.025510335,0.0,
-0.088478535,0.054237135,
0.0,0.03274282,
-0.011104401,-0.07273908,
0.11042829,0.050166905,
0.06765798,-0.024453428,
-0.08179378,-0.03403632,
0.010822028,-0.03311862,
0.08840084,0.0,
-0.023449428,0.02691266,
0.019264933,0.097836874,
0.016900375,0.0,
-0.019711092,0.0838964,
0.016658982,0.0,
0.0,-0.0771926,
0.0,-0.049610812,
0.04939016,0.051046234,
0.10274595,0.027499339,
-0.066195704,0.0,
0.0,0.05051362,
-0.042595394,0.016381372,
0.024480741,0.058020692,
0.0,-0.04204551,
-0.024002222,0.033987988,
-0.02196107,0.09037434,
-0.051460084,0.0,
0.03301121,-0.03300466,
-0.012364762,-0.11219325,
0.052705783,0.056178223,
-0.013909223,-0.027429093,
-0.030888742,-0.08309884,
0.06260633,0.046250332,
-0.038321525,0.014303092,
0.0,-0.02332714,
-0.07170526,0.0,
-0.05432358,0.021554029,
0.037516996,0.010044773,
0.025519313,0.0,
0.06692211,-0.023535157,
0.06868927,-0.119638525,
0.0,0.079755135,
0.10548827,-0.051434785,
-0.053594075,0.049014788,
0.0,0.05874272,
0.046954654,-0.020991437,
0.0,0.0,
0.05900886,-0.039268624,
0.019189117,0.0,
-0.022277746,-0.029642133,
-0.037891928,-0.016721632,
0.0,-0.016812077,
0.0,0.06848305,
0.1203985,-0.021286108,
0.0,-0.020408837,
-0.0819064,0.0,
-0.017709417,0.05980101,
-0.039018348,0.0,
-0.010510311,-0.034545038,
0.0,0.025517825,
0.014343525,0.034125406,
-0.056560617,-0.045304656,
0.062237624,0.0,
0.06966323,0.015161728,
-0.015052615,0.05340228,
0.0,-0.03982132,
0.0,0.0,
-0.067938685,0.07268762,
0.03924831,-0.02096561,
-0.021037936,0.0,
0.1165675,0.0,
0.0,0.028953709,
-0.069230475,0.022928404,
0.0,-0.050893333,
0.011756692,-0.065574594,
0.033810444,0.0883097,
-0.055285998,-0.013116415,
0.0,0.030339176,
-0.06565199,0.0,
0.044015914,-0.02716653,
-0.09067655,0.04754446,
0.0,-0.081821926,
0.12252819,0.08394671,
0.05276787,0.037822098,
0.036450624,0.0,
0.04262309,0.01034889,
-0.060735688,-0.0105165765,
-0.08239233,0.0,
0.0,0.14128493,
0.06626386,0.0,
0.013867817,-0.013783974,
-0.03113435,-0.02103039,
0.023377713,-0.12086136,
-0.027072761,0.016112195,
0.033734553,0.0,
0.07934171,-0.024296828,
0.043645363,0.0,
0.034642223,-0.024499025,
0.058972742,-0.026250286,
0.0493665,0.02578835,
-0.0722017,0.0,
-0.012799461,0.0,
0.039817505,0.08454112,
0.012824562,0.0,
-0.019144114,-0.12808101,
0.0,0.019065002,
-0.063322544,0.089901894,
0.04666762,-0.079141535,
0.027824389,0.024369633,
-0.08430021,0.054931954,
0.0,-0.023230243,
0.043150008,0.11474879,
-0.017121494,-0.023581596,
0.024912333,0.0,
0.0,0.0,
-0.018862974,0.029585537,
0.032090712,0.010198038,
0.034643818,0.0,
0.0,0.0,
0.0,0.09105546,
0.05212548,0.01915781,
0.0,-0.030196033,
0.0,0.0,
0.04890363,-0.017169692,
0.084054925,0.02372588,
-0.025883812,0.0,
0.047111593,0.0370441,
0.075786255,0.018949563,
0.064837925,-0.013599396,
0.023252655,-0.027209455,
0.0,0.0,
0.0,-0.070567414,
-0.107791886,0.062464844,
-0.034492,0.0,
0.13186333,0.0663175,
-0.011166095,0.036259037,
-0.045142166,0.016887695,
0.027274385,0.033103388,
-0.07532927,-0.051279586,
-0.011127775,-0.06641779,
-0.012476435,-0.026320586,
0.0,0.0,
0.019844636,0.0,
0.08614858,0.0,
-0.04871145,-0.037452374,
0.0,0.07977054,
0.028672425,0.06607038,
0.047586814,-0.011823392,
0.031175125,0.033161465,
0.028608676,-0.08776482,
0.04626292,0.0,
0.036399417,-0.060425717,
-0.013554838,-0.029063532,
0.10019582,0.019825326,
0.04931389,0.0,
-0.026860535,-0.022043895,
0.0,-0.013834287,
-0.020878805,-0.03351098,
0.02362804,-0.022498526,
0.010024899,0.020431234,
0.0,0.056505777,
-0.044568665,-0.028931258,
0.0,-0.01938792,
0.033872586,-0.03251347,
0.032662973,0.020138396,
0.04321682,0.019731713,
-0.07667484,-0.018664062,
-0.019260757,0.015597974,
0.036049142,0.0,
-0.042923972,-0.061519537,
0.036714498,-0.010841754,
0.030956583,0.02015699,
-0.023939088,-0.055649124,
-0.025463972,-0.04923516,
0.069637716,-0.066996545,
0.046653263,0.04920403,
-0.07735015,-0.014744636,
0.018897085,0.08129564,
0.08500026,-0.054397844,
0.03067748,0.0,
0.04342363,0.028116506,
0.0,-0.04076155,
-0.10088658,-0.027522681,
0.074784316,0.010490214,
0.059533756,0.027456485,
0.012178857,0.0,
0.011756548,-0.10829136,
0.03453626,0.024431689,
-0.01587971,-0.06848448,
-0.017766263,0.10273625,
0.0,0.083462045,
-0.020856805,-0.033201348,
0.027866801,-0.011616523,
-0.036595546,-0.022078857,
-0.041792184,0.0,
0.0,-0.055901404,
0.020560097,0.015083809,
0.0654336,-0.06748293,
0.0,-0.02720605,
0.023959074,0.012924775,
-0.057068158,0.0,
-0.05923452,0.015348279,
0.100190565,0.03510537,
0.042811535,-0.015954154,
-0.036658555,-0.0690834,
0.11785536,-0.027695963,
0.047088366,0.017955707,
0.017051276,-0.038164705,
0.011765639,-0.02057434,
-0.012149265,-0.020149384,
-0.021162806,0.032944266,
-0.08848318,0.07131071,
-0.061484184,0.016389266,
0.08169768,-0.051394563,
0.0,-0.017814966,
-0.06841944,0.029732829,
-0.19378302,0.04860479,
-0.04307322,0.020261927,
-0.03601957,0.05478549,
0.03535577,0.016048264,
0.0,0.03347196,
-0.04173845,0.0,
-0.027631285,0.11883326,
0.0,-0.072988205,
0.09094148,0.0,
0.04968204,0.04078561,
0.0923628,-0.0182951,
0.026409667,-0.07558474,
0.031404015,0.0,
-0.063625574,0.06328775,
0.02265009,0.17648089,
-0.033448458,0.06654368,
0.03266715,0.044977337,
-0.01769672,0.045666296,
0.040953614,0.059179448,
0.07930806,-0.011204488,
0.07185752,-0.055996634,
0.054851476,-0.027077798,
0.058896273,0.029090924,
-0.016186435,0.0,
0.04816368,0.0,
0.04934024,0.0,
0.07293673,0.0,
0.0,-0.01343672,
-0.035133556,0.01410519,
0.0,0.04833538,
-0.037998278,-0.037812635,
-0.06057837,0.045758385,
-0.13493755,0.04680807,
-0.1351171,0.039415058,
-0.030456226,0.011737906,
0.0,-0.08965784,
-0.039999258,0.026443234,
-0.021977572,-0.054365892,
-0.05408618,-0.07144079,
-0.013862283,-0.06100294,
0.012127943,0.0,
-0.042265795,0.03379179,
0.0,0.047797937,
-0.0110985935,-0.020441514,
-0.021473667,0.0,
0.049918026,-0.016069852,
0.097829,0.0,
0.06967137,0.0,
0.07094164,-0.013137983,
0.08143869,-0.049666326,
-0.031029856,-0.08387891,
